run_id,simulation_id,model,seed,scale_plume_factor,scale_mass_factor,plume_prior_mean,logm_prior_mean,plume_estimate,logm_estimate,best_posterior,runtime_sec,runs,restarts,T0,alpha,T_end,likelihood_sigma,print_every
2,0,sa,20251124,2.0,2.0,15000.0,26.937873935368604,11142.162355473622,24.730530030968243,-125.63537507318122,17.605941041954793,1000,0,1.0,0.999,0.01,0.6,100
6,0,sa,20251128,2.0,1.0,15000.0,24.635288842374557,11117.560029931334,24.736370267435962,-125.6299060145059,18.34624858398456,1000,0,1.0,0.999,0.01,0.6,100
10,0,sa,20251132,2.0,0.5,15000.0,22.33270374938051,10881.682700904892,24.719157057051433,-125.63361608445568,18.379304875037633,1000,0,1.0,0.999,0.01,0.6,100
14,0,sa,20251136,1.0,2.0,7500.0,26.937873935368604,7672.535529637515,24.634818093745352,-108.11192524361948,19.217995291925035,1000,0,1.0,0.999,0.01,0.6,100
18,0,sa,20251140,1.0,1.0,7500.0,24.635288842374557,7653.686017015473,24.631685444333424,-108.11267804468221,18.57067179097794,1000,0,1.0,0.999,0.01,0.6,100
22,0,sa,20251144,1.0,0.5,7500.0,22.33270374938051,7689.902495950505,24.642283241198417,-108.11380099857958,18.532084916951135,1000,0,1.0,0.999,0.01,0.6,100
26,0,sa,20251148,0.5,2.0,3750.0,26.937873935368604,6984.174005199127,24.67109613401209,-114.38728853780444,18.038887792034075,1000,0,1.0,0.999,0.01,0.6,100
30,0,sa,20251152,0.5,1.0,3750.0,24.635288842374557,7002.917412837541,24.677248607561886,-114.38934011285815,18.012838416034356,1000,0,1.0,0.999,0.01,0.6,100
34,0,sa,20251156,0.5,0.5,3750.0,22.33270374938051,6992.490901511675,24.67342909120885,-114.3865351963904,18.45502800005488,1000,0,1.0,0.999,0.01,0.6,100
