run_id,simulation_id,model,seed,scale_plume_factor,scale_mass_factor,plume_prior_mean,logm_prior_mean,plume_estimate,logm_estimate,best_posterior,runtime_sec,n_iterations,n_burnin,likelihood_sigma,snapshot,acceptance_rate
1,0,mcmc,20251123,2.0,2.0,15000.0,26.937873935368604,11090.560432825114,24.734203209478704,-125.63285517398505,17.664055416942574,1000,0,0.6,100,0.326
5,0,mcmc,20251127,2.0,1.0,15000.0,24.635288842374557,11135.698880475407,24.72619646003246,-125.63645677904971,18.594004167011008,1000,0,0.6,100,0.321
9,0,mcmc,20251131,2.0,0.5,15000.0,22.33270374938051,11091.045593154295,24.71711487810487,-125.65546640849499,18.507095333072357,1000,0,0.6,100,0.286
13,0,mcmc,20251135,1.0,2.0,7500.0,26.937873935368604,7647.264719712053,24.6425452252088,-108.10646881175622,18.934504667064175,1000,0,0.6,100,0.268
17,0,mcmc,20251139,1.0,1.0,7500.0,24.635288842374557,7632.660361347922,24.636148199370755,-108.10996388850425,18.391686958028004,1000,0,0.6,100,0.262
21,0,mcmc,20251143,1.0,0.5,7500.0,22.33270374938051,7604.770784419114,24.65192980353985,-108.12855674763644,18.126100082998164,1000,0,0.6,100,0.27
25,0,mcmc,20251147,0.5,2.0,3750.0,26.937873935368604,7030.390956000753,24.666369180059906,-114.39185212423916,18.056056624976918,1000,0,0.6,100,0.225
29,0,mcmc,20251151,0.5,1.0,3750.0,24.635288842374557,7029.452718231655,24.679123392010663,-114.39677623811858,18.09984783397522,1000,0,0.6,100,0.247
33,0,mcmc,20251155,0.5,0.5,3750.0,22.33270374938051,7031.118245626432,24.67042652868187,-114.38986250407086,18.624605541001074,1000,0,0.6,100,0.26
