run_id,simulation_id,model,seed,scale_plume_factor,scale_mass_factor,plume_prior_mean,logm_prior_mean,plume_estimate,logm_estimate,best_posterior,runtime_sec,n_ens,n_assimilations,likelihood_sigma,print_every
4,0,es,20251126,2.0,2.0,15000.0,26.937873935368604,12701.204331325705,24.862928813128946,,1.7544482090743259,100,1,0.6,1
8,0,es,20251130,2.0,1.0,15000.0,24.635288842374557,12701.204331325705,24.862928813128946,,1.8435889590764418,100,1,0.6,1
12,0,es,20251134,2.0,0.5,15000.0,22.33270374938051,12701.204331325705,24.862928813128946,,1.8482505839783698,100,1,0.6,1
16,0,es,20251138,1.0,2.0,7500.0,26.937873935368604,7938.068485512254,24.642680720585616,,1.9486248750472441,100,1,0.6,1
20,0,es,20251142,1.0,1.0,7500.0,24.635288842374557,7938.068485512254,24.642680720585616,,1.8059605830349028,100,1,0.6,1
24,0,es,20251146,1.0,0.5,7500.0,22.33270374938051,7938.068485512254,24.642680720585616,,1.79282225004863,100,1,0.6,1
28,0,es,20251150,0.5,2.0,3750.0,26.937873935368604,6741.207317750468,23.662383359635413,,1.8169834580039605,100,1,0.6,1
32,0,es,20251154,0.5,1.0,3750.0,24.635288842374557,6741.207317750468,23.662383359635413,,1.7765033749165013,100,1,0.6,1
36,0,es,20251158,0.5,0.5,3750.0,22.33270374938051,6741.207317750468,23.662383359635413,,1.781810124986805,100,1,0.6,1
