run_id,simulation_id,model,seed,scale_plume_factor,scale_mass_factor,plume_prior_mean,logm_prior_mean,plume_estimate,logm_estimate,best_posterior,runtime_sec,runs,restarts,T0,alpha,T_end,likelihood_sigma,print_every
3,0,pso,20251125,2.0,2.0,15000.0,26.937873935368604,10857.497107494175,24.71800170641245,-125.62611090079503,23.371384959085844,100,0,1.0,,0.2,0.6,10
7,0,pso,20251129,2.0,1.0,15000.0,24.635288842374557,10857.540132924189,24.71815266784735,-125.62612944022797,24.089614458964206,100,0,1.0,,0.2,0.6,10
11,0,pso,20251133,2.0,0.5,15000.0,22.33270374938051,11133.165033782867,24.734441841107156,-125.62700599980283,24.118628666969016,100,0,1.0,,0.2,0.6,10
15,0,pso,20251137,1.0,2.0,7500.0,26.937873935368604,7649.120428377593,24.638978251805707,-108.10504386386118,25.453402542043477,100,0,1.0,,0.2,0.6,10
19,0,pso,20251141,1.0,1.0,7500.0,24.635288842374557,7649.128035870449,24.639209196316518,-108.10502528832558,24.663314667064697,100,0,1.0,,0.2,0.6,10
23,0,pso,20251145,1.0,0.5,7500.0,22.33270374938051,7649.120002349213,24.63948924483766,-108.10500280936034,24.14519983297214,100,0,1.0,,0.2,0.6,10
27,0,pso,20251149,0.5,2.0,3750.0,26.937873935368604,6975.940265560737,24.674862376177675,-114.38601762463523,23.90243791602552,100,0,1.0,,0.2,0.6,10
31,0,pso,20251153,0.5,1.0,3750.0,24.635288842374557,6975.750543834331,24.674562319542225,-114.38603940204294,23.609154707985,100,0,1.0,,0.2,0.6,10
35,0,pso,20251157,0.5,0.5,3750.0,22.33270374938051,6976.4492506285,24.67489390548311,-114.38603185602986,24.13919108302798,100,0,1.0,,0.2,0.6,10
